"SNP","effect_allele.exposure","other_allele.exposure","effect_allele.outcome","other_allele.outcome","beta.exposure","beta.outcome","eaf.exposure","eaf.outcome","remove","palindromic","ambiguous","id.outcome","chr.outcome","pos.outcome","se.outcome","pval.outcome","samplesize.outcome","ncase.outcome","ncontrol.outcome","outcome","mr_keep.outcome","pval_origin.outcome","id.exposure","chr.exposure","pos.exposure","se.exposure","pval.exposure","samplesize.exposure","exposure","mr_keep.exposure","pval_origin.exposure","data_source.exposure","Fz","action","SNP_index","mr_keep"
"rs1078301","T","A","T","A",0.0679,-0.00511882,0.2685,0.267327,FALSE,TRUE,FALSE,"ApoB","9",116909146,0.00471561,0.220000161685546,NA,NA,NA,"met-d-ApoB",TRUE,"reported","Knee OA","9",116909146,0.0106,1.269e-10,403124,"Knee osteoarthritis || id:ebi-a-GCST007090",TRUE,"reported","igd",41.0322812975376,2,1,TRUE
"rs12470967","G","A","G","A",-0.0584,-0.00611685,0.5746,0.574712,FALSE,FALSE,FALSE,"ApoB","2",192671981,0.00435883,0.220000161685546,NA,NA,NA,"met-d-ApoB",TRUE,"reported","Knee OA","2",192671981,0.0103,1.49799e-08,403124,"Knee osteoarthritis || id:ebi-a-GCST007090",TRUE,"reported","igd",32.1476395452001,2,1,TRUE
"rs143384","G","A","G","A",-0.0935,-0.00908241,0.4034,0.403961,FALSE,FALSE,FALSE,"ApoB","20",34025756,0.00419917,0.0179998961724559,NA,NA,NA,"met-d-ApoB",TRUE,"reported","Knee OA","20",34025756,0.0095,4.77309e-23,403124,"Knee osteoarthritis || id:ebi-a-GCST007090",TRUE,"reported","igd",96.8665554292444,2,1,TRUE
"rs17567417","C","G","C","G",-0.0655,-0.00243233,0.4698,0.468064,FALSE,TRUE,TRUE,"ApoB","2",33430603,0.00414244,0.540000298635231,NA,NA,NA,"met-d-ApoB",TRUE,"reported","Knee OA","2",33430603,0.0093,1.95884e-12,403124,"Knee osteoarthritis || id:ebi-a-GCST007090",TRUE,"reported","igd",49.6037543645041,2,1,FALSE
"rs35611929","A","G","A","G",0.0559,0.000392475,0.342,0.340979,FALSE,FALSE,FALSE,"ApoB","5",77467824,0.00436236,0.820000089905251,NA,NA,NA,"met-d-ApoB",TRUE,"reported","Knee OA","5",77467824,0.0098,1.20701e-08,403124,"Knee osteoarthritis || id:ebi-a-GCST007090",TRUE,"reported","igd",32.5363858499397,2,1,TRUE
"rs4775006","A","C","A","C",0.0578,0.00567136,0.4114,0.410982,FALSE,FALSE,FALSE,"ApoB","15",58215727,0.00418835,0.170000030775649,NA,NA,NA,"met-d-ApoB",TRUE,"reported","Knee OA","15",58215727,0.0094,8.40001e-10,403124,"Knee osteoarthritis || id:ebi-a-GCST007090",TRUE,"reported","igd",37.8092284432866,2,1,TRUE
"rs56116847","A","G","A","G",0.0612,0.00298622,0.3563,0.357349,FALSE,FALSE,FALSE,"ApoB","12",123835233,0.00433752,0.349999964257903,NA,NA,NA,"met-d-ApoB",TRUE,"reported","Knee OA","12",123835233,0.0097,3.19396e-10,403124,"Knee osteoarthritis || id:ebi-a-GCST007090",TRUE,"reported","igd",39.8067958117334,2,1,TRUE
"rs6499244","A","T","A","T",0.0622,0.00231766,0.5596,0.55883,FALSE,TRUE,TRUE,"ApoB","16",69735271,0.00416802,0.479999737642877,NA,NA,NA,"met-d-ApoB",TRUE,"reported","Knee OA","16",69735271,0.0094,3.87704e-11,403124,"Knee osteoarthritis || id:ebi-a-GCST007090",TRUE,"reported","igd",43.7847533466209,2,1,FALSE
"rs8067763","A","G","A","G",-0.0566,0.00255139,0.5936,0.593083,FALSE,FALSE,FALSE,"ApoB","17",70012939,0.00423194,0.550000393231399,NA,NA,NA,"met-d-ApoB",TRUE,"reported","Knee OA","17",70012939,0.0095,2.386e-09,403124,"Knee osteoarthritis || id:ebi-a-GCST007090",TRUE,"reported","igd",35.4963335881392,2,1,TRUE
"rs8067895","A","G","A","G",0.0616,-0.00908454,0.2858,0.284347,FALSE,FALSE,FALSE,"ApoB","17",2030234,0.00457435,0.0530005040639665,NA,NA,NA,"met-d-ApoB",TRUE,"reported","Knee OA","17",2030234,0.0103,1.88899e-09,403124,"Knee osteoarthritis || id:ebi-a-GCST007090",TRUE,"reported","igd",35.767189878681,2,1,TRUE
"rs9277552","T","C","T","C",-0.064,0.00702812,0.2105,0.210789,FALSE,FALSE,FALSE,"ApoB","6",33055501,0.0050618,0.149999910525364,NA,NA,NA,"met-d-ApoB",TRUE,"reported","Knee OA","6",33055501,0.0114,1.96902e-08,403124,"Knee osteoarthritis || id:ebi-a-GCST007090",TRUE,"reported","igd",31.51723360041,2,1,TRUE
